{"advantage_mean":0.0002059251368045807,"q_taken_mean":0.2230321960449219,"test_agent_1_return_mean":0,"critic_loss":0.0011236144928261638,"episode":11000,"total_return_mean":0,"agent_2_return_std":0,"test_agent_3_return_mean":0,"_timestamp":1.7316599958812907e+09,"pi_max":0.6187225341796875,"agent_1_return_std":0,"test_total_return_std":0,"agent_grad_norm":0.0076371487230062485,"agent_1_return_mean":0,"test_agent_0_return_std":0,"agent_3_return_mean":0,"_wandb":{"runtime":428},"test_agent_1_return_std":0,"target_mean":0.2232381134033203,"_runtime":428.906622625,"ep_length_mean":50,"pg_loss":1.6082661151885986,"critic_grad_norm":0.007630718406289816,"test_agent_0_return_mean":0,"agent_0_return_mean":0,"agent_3_return_std":0,"test_ep_length_mean":50,"_step":570500,"agent_0_return_std":0,"td_error_abs":0.02689778137207031,"total_return_std":0,"test_agent_2_return_std":0,"agent_2_return_mean":0,"test_total_return_mean":0,"test_agent_3_return_std":0,"test_agent_2_return_mean":0}