{"agent_2_return_std":0,"agent_1_return_mean":0,"agent_1_return_std":0,"agent_0_return_mean":0,"pg_loss":1.6022019386291504,"agent_3_return_std":0,"test_agent_1_return_mean":0,"test_agent_1_return_std":0,"_runtime":21.010939279,"agent_grad_norm":0.0014945570146664977,"ep_length_mean":50,"test_agent_2_return_mean":0,"agent_3_return_mean":0,"_step":10500,"test_total_return_mean":0.01,"td_error_abs":0.018650667190551758,"total_return_mean":0,"test_agent_3_return_mean":0.01,"pi_max":0.271975830078125,"_wandb":{"runtime":21},"critic_grad_norm":0.035510823130607605,"_timestamp":1.731658521648078e+09,"critic_loss":0.0005388383287936449,"target_mean":0.2240988311767578,"test_agent_0_return_mean":0,"agent_0_return_std":0,"agent_2_return_mean":0,"test_agent_3_return_std":0.09949874371066199,"test_agent_0_return_std":0,"total_return_std":0,"advantage_mean":0.005686781883239746,"test_total_return_std":0.09949874371066199,"test_agent_2_return_std":0,"test_ep_length_mean":50,"q_taken_mean":0.2184120635986328}