{"test_agent_0_return_mean":0,"critic_grad_norm":0.06312841176986694,"test_agent_3_return_std":0,"agent_3_return_mean":0,"test_agent_2_return_mean":0,"agent_0_return_mean":0.005,"td_error_abs":0.03222189712524414,"test_agent_1_return_std":0,"test_total_return_std":0,"_wandb":{"runtime":196},"_runtime":196.996372662,"agent_1_return_mean":0,"target_mean":0.26913455200195313,"q_taken_mean":0.27981808471679687,"test_agent_1_return_mean":0,"test_agent_0_return_std":0,"critic_loss":0.0015780439134687185,"test_agent_3_return_mean":0,"test_total_return_mean":0,"advantage_mean":-0.010683517456054687,"agent_grad_norm":0.012617410160601139,"agent_0_return_std":0.07053367989832944,"agent_3_return_std":0,"_step":250000,"agent_2_return_mean":0,"agent_2_return_std":0,"total_return_std":0.07053367989832944,"_timestamp":1.7316587914344308e+09,"test_agent_2_return_std":0,"pg_loss":1.6191405057907104,"agent_1_return_std":0,"test_ep_length_mean":50,"episode":5000,"ep_length_mean":50,"pi_max":0.644273681640625,"total_return_mean":0.005}