{"agent_3_return_std":0,"agent_0_return_std":0,"test_agent_2_return_mean":0.02,"agent_grad_norm":0.005377784837037325,"advantage_mean":0.005427569389343262,"_step":60500,"_wandb":{"runtime":56},"total_return_mean":0,"test_agent_3_return_mean":0,"_runtime":56.269414957,"agent_0_return_mean":0,"test_agent_1_return_std":0.13999999999999996,"episode":1000,"q_taken_mean":0.31550506591796873,"_timestamp":1.7316582524709527e+09,"pi_max":0.80726708984375,"test_agent_3_return_std":0,"agent_1_return_mean":0,"test_total_return_mean":0.05,"test_total_return_std":0.21794494717703367,"test_agent_1_return_mean":0.02,"agent_2_return_mean":0,"ep_length_mean":50,"test_ep_length_mean":50,"total_return_std":0,"test_agent_2_return_std":0.13999999999999999,"agent_3_return_mean":0,"test_agent_0_return_std":0.09949874371066199,"agent_1_return_std":0,"test_agent_0_return_mean":0.01,"critic_loss":0.0009729291195981205,"td_error_abs":0.02441605567932129,"target_mean":0.32093267822265625,"pg_loss":1.6034026145935059,"critic_grad_norm":0.029361916705965996,"agent_2_return_std":0}