{"td_error_abs":0.36419680786132813,"pi_max":0.96431201171875,"agent_1_return_std":0.25490194193061766,"agent_0_return_std":0.2449489742783178,"test_agent_1_return_mean":1,"test_ep_length_mean":50,"critic_grad_norm":6.232028961181641,"q_taken_mean":3.25790380859375,"agent_grad_norm":0.26693451404571533,"test_agent_3_return_mean":1.01,"ep_length_mean":50,"episode":100000,"total_return_std":0.5817215828899595,"advantage_mean":0.03180682754516601,"agent_0_return_mean":1,"agent_2_return_std":0.3072051431861127,"test_agent_3_return_std":0.299833287011299,"total_return_mean":3.96,"target_mean":3.289710693359375,"test_total_return_std":0.5827520913733386,"test_total_return_mean":4.02,"test_agent_1_return_std":0.31622776601683794,"test_agent_2_return_std":0.2628687885618982,"pg_loss":-0.033390846103429794,"agent_1_return_mean":0.995,"test_agent_0_return_std":0.19899748742132398,"test_agent_2_return_mean":1.03,"agent_2_return_mean":0.975,"agent_3_return_mean":0.99,"_timestamp":1.7305900562485878e+09,"agent_3_return_std":0.3160696125855822,"critic_loss":0.5073564648628235,"_step":5000500,"_runtime":3773.361095408,"test_agent_0_return_mean":0.98,"_wandb":{"runtime":3773}}