{"q_taken_mean":13.587990234375,"agent_grad_norm":0.3926317095756531,"total_return_mean":2.445,"critic_grad_norm":87.04016876220703,"total_return_std":0.9470876411399316,"critic_loss":9.976725578308105,"_timestamp":1.7314911986106265e+09,"pg_loss":-0.20448563992977142,"agent_2_return_std":0.5043560250458003,"agent_3_return_mean":0.645,"agent_0_return_std":0.5291502622129182,"test_agent_0_return_std":0.5134199061197375,"advantage_mean":0.19423066711425782,"test_total_return_std":0.9219002115196632,"test_agent_1_return_std":0.5491812087098391,"agent_0_return_mean":0.6,"test_agent_2_return_std":0.4963869458396343,"ep_length_mean":50,"agent_2_return_mean":0.575,"test_agent_3_return_mean":0.63,"test_agent_3_return_std":0.5771481612203232,"test_agent_2_return_mean":0.56,"pi_max":0.9493867797851563,"test_agent_1_return_mean":0.72,"test_ep_length_mean":50,"td_error_abs":1.97413427734375,"agent_1_return_mean":0.625,"_wandb":{"runtime":2097},"target_mean":13.782220703125,"test_total_return_mean":2.49,"_runtime":2097.051990531,"_step":3000500,"agent_1_return_std":0.5043560250458003,"test_agent_0_return_mean":0.58,"agent_3_return_std":0.5375639496841282,"episode":60000}