{"_wandb":{"runtime":2254},"episode":60000,"agent_2_return_mean":0.4,"_runtime":2254.495921099,"test_total_return_mean":1.63,"test_agent_1_return_mean":0.41,"pg_loss":1.5573409795761108,"q_taken_mean":11.8629091796875,"agent_0_return_mean":0.415,"test_agent_3_return_std":0.4737087712930804,"agent_1_return_std":0.5172040216394301,"total_return_std":1.0594338110519221,"test_total_return_std":0.9450396817065408,"test_ep_length_mean":50,"agent_0_return_std":0.5027673418192554,"total_return_mean":1.76,"ep_length_mean":50,"test_agent_1_return_std":0.49183330509431744,"pi_max":0.9321442260742188,"test_agent_3_return_mean":0.34,"_step":3000500,"critic_grad_norm":69.47714233398438,"_timestamp":1.7316622752558649e+09,"test_agent_0_return_mean":0.55,"test_agent_2_return_std":0.47021271782034985,"advantage_mean":0.036766983032226565,"agent_1_return_mean":0.45,"test_agent_2_return_mean":0.33,"critic_loss":24.056922912597656,"td_error_abs":2.9249150390625,"agent_grad_norm":0.8917444348335266,"target_mean":11.89967578125,"agent_3_return_std":0.5098774362530666,"agent_2_return_std":0.5099019513592785,"test_agent_0_return_std":0.51720402163943,"agent_3_return_mean":0.495}