{"target_mean":0.30761627197265623,"test_agent_3_return_mean":0,"agent_0_return_std":0.07053367989832944,"_step":50500,"total_return_std":0.09949874371066199,"test_total_return_std":0.21794494717703367,"total_return_mean":0.01,"test_agent_3_return_std":0,"agent_3_return_std":0.07053367989832943,"agent_1_return_mean":0,"q_taken_mean":0.43214288330078127,"agent_grad_norm":0.21477967500686646,"critic_grad_norm":0.8697048425674438,"episode":1000,"agent_2_return_std":0,"agent_0_return_mean":0.005,"_wandb":{"runtime":50},"critic_loss":0.01644914597272873,"test_agent_0_return_mean":0.01,"agent_2_return_mean":0,"agent_1_return_std":0,"pg_loss":1.7366005182266235,"test_agent_2_return_mean":0.02,"test_total_return_mean":0.05,"test_agent_1_return_std":0.13999999999999996,"ep_length_mean":50,"test_agent_0_return_std":0.09949874371066199,"test_agent_1_return_mean":0.02,"_timestamp":1.7316567538690567e+09,"pi_max":0.77559716796875,"agent_3_return_mean":0.005,"td_error_abs":0.1245625991821289,"test_ep_length_mean":50,"_runtime":50.20219665,"test_agent_2_return_std":0.13999999999999999,"advantage_mean":-0.12452666473388672}