{"critic_loss":15.75766372680664,"agent_3_return_mean":0.235,"q_taken_mean":5.558830078125,"test_agent_1_return_std":0.39230090491866065,"test_agent_2_return_mean":0.24,"agent_0_return_std":0.4123105625617661,"agent_0_return_mean":0.2,"agent_2_return_std":0.38418745424597095,"target_mean":5.78017333984375,"_timestamp":1.7315115895878675e+09,"total_return_std":0.7774316690230724,"test_total_return_std":0.7107038764492565,"pg_loss":1.3773363828659058,"td_error_abs":1.609433349609375,"agent_2_return_mean":0.18,"ep_length_mean":50,"test_agent_3_return_mean":0.21,"test_agent_0_return_std":0.4537620521815371,"episode":60000,"agent_grad_norm":0.658904492855072,"_step":3000500,"_runtime":2242.811295644,"test_agent_2_return_std":0.4270831300812525,"total_return_mean":0.84,"agent_1_return_mean":0.225,"pi_max":0.8824288330078125,"test_agent_3_return_std":0.4073082370883261,"agent_3_return_std":0.4239988207530771,"advantage_mean":0.22134310913085936,"_wandb":{"runtime":2242},"test_ep_length_mean":50,"test_total_return_mean":0.93,"agent_1_return_std":0.42938910093294175,"critic_grad_norm":96.84800720214844,"test_agent_0_return_mean":0.29,"test_agent_1_return_mean":0.19}