{"test_agent_0_return_std":0,"agent_2_return_std":0,"_wandb":{"runtime":52},"test_agent_1_return_std":0,"agent_0_return_mean":0,"test_agent_2_return_mean":0,"test_agent_3_return_mean":0,"agent_grad_norm":0.005844493862241507,"test_agent_3_return_std":0,"test_total_return_std":0,"episode":1000,"td_error_abs":0.029176368713378906,"advantage_mean":-0.016494958877563477,"test_agent_2_return_std":0,"test_ep_length_mean":50,"critic_grad_norm":0.1312425434589386,"agent_3_return_std":0.07053367989832944,"agent_2_return_mean":0,"agent_1_return_std":0,"test_agent_0_return_mean":0,"q_taken_mean":0.31585321044921877,"total_return_mean":0.005,"test_total_return_mean":0,"agent_1_return_mean":0,"critic_loss":0.0013427557423710823,"_timestamp":1.7316575151004987e+09,"ep_length_mean":50,"pi_max":0.7950394897460937,"pg_loss":0.01584855653345585,"target_mean":0.2993582153320313,"agent_3_return_mean":0.005,"_step":50500,"test_agent_1_return_mean":0,"total_return_std":0.07053367989832944,"agent_0_return_std":0,"_runtime":52.367964111}