{"_step":10500,"target_mean":0.21672479248046875,"_wandb":{"runtime":23},"agent_3_return_std":0.07053367989832944,"critic_loss":0.0064901625737547874,"test_agent_1_return_std":0.13999999999999999,"test_total_return_mean":0.03,"_timestamp":1.731658108233308e+09,"test_total_return_std":0.17058722109231983,"q_taken_mean":0.2742332458496094,"test_agent_0_return_std":0,"_runtime":23.141067302,"test_agent_1_return_mean":0.02,"pi_max":0.35182589721679686,"test_ep_length_mean":50,"agent_3_return_mean":0.005,"agent_0_return_std":0,"agent_grad_norm":0.00511041609570384,"test_agent_3_return_std":0.09949874371066199,"pg_loss":0.05600898712873459,"test_agent_3_return_mean":0.01,"total_return_std":0.07053367989832944,"test_agent_2_return_std":0,"test_agent_2_return_mean":0,"agent_2_return_std":0,"advantage_mean":-0.05750843811035156,"ep_length_mean":50,"agent_0_return_mean":0,"critic_grad_norm":0.3777666687965393,"total_return_mean":0.005,"agent_1_return_std":0,"agent_2_return_mean":0,"agent_1_return_mean":0,"td_error_abs":0.0626314926147461,"test_agent_0_return_mean":0}