{"agent_2_return_mean":0.005,"pg_loss":-0.5037936568260193,"td_error_abs":0.6001842041015625,"test_ep_length_mean":50,"_step":350000,"total_return_mean":0.005,"agent_0_return_std":0,"test_agent_2_return_mean":0.01,"critic_loss":116.55681610107422,"test_agent_2_return_std":0.09949874371066199,"agent_1_return_std":0,"_timestamp":1.731657384245924e+09,"test_agent_0_return_std":0,"test_agent_1_return_std":0,"test_total_return_mean":0.01,"agent_grad_norm":0.8534845113754272,"test_agent_3_return_mean":0,"agent_3_return_std":0,"target_mean":0.8546478271484375,"pi_max":0.6345047607421875,"critic_grad_norm":5.046282768249512,"agent_1_return_mean":0,"total_return_std":0.07053367989832943,"agent_3_return_mean":0,"_runtime":279.851810819,"_wandb":{"runtime":279},"test_agent_0_return_mean":0,"test_agent_3_return_std":0,"test_total_return_std":0.09949874371066199,"test_agent_1_return_mean":0,"episode":7000,"agent_2_return_std":0.07053367989832943,"agent_0_return_mean":0,"ep_length_mean":50,"q_taken_mean":0.3706511535644531,"advantage_mean":0.48399667358398435}