{"q_taken_mean":5.62241015625,"test_agent_2_return_mean":0.08,"test_agent_0_return_mean":0.13,"test_total_return_std":0.565685424949238,"total_return_mean":0.385,"agent_3_return_mean":0.09,"_wandb":{"runtime":1453},"_step":1900000,"total_return_std":0.5973064540083256,"test_agent_1_return_std":0.31288975694324034,"advantage_mean":0.1635093536376953,"agent_2_return_std":0.31902194281898544,"critic_loss":25.660999298095703,"agent_grad_norm":0.3367919325828552,"agent_0_return_std":0.2861817604250837,"target_mean":5.7859189453125,"test_agent_3_return_mean":0.08,"agent_0_return_mean":0.09,"_timestamp":1.7315139622849293e+09,"agent_2_return_mean":0.115,"pi_max":0.8620757446289062,"episode":38000,"test_ep_length_mean":50,"ep_length_mean":50,"agent_1_return_std":0.2861817604250837,"test_agent_3_return_std":0.2712931993250107,"agent_3_return_std":0.2861817604250837,"test_agent_1_return_mean":0.11,"_runtime":1453.247030326,"test_agent_0_return_std":0.33630343441600474,"pg_loss":0.637682318687439,"td_error_abs":1.5707689208984374,"test_total_return_mean":0.4,"test_agent_2_return_std":0.2712931993250107,"critic_grad_norm":26.488191604614258,"agent_1_return_mean":0.09}