{"test_agent_0_return_std":0,"_step":650500,"agent_2_return_std":0,"test_agent_0_return_mean":0,"critic_loss":0.002978266216814518,"agent_2_return_mean":0,"_timestamp":1.7316595469704175e+09,"test_agent_2_return_mean":0,"total_return_mean":0.005,"test_agent_3_return_mean":0,"test_agent_2_return_std":0,"agent_0_return_mean":0,"pi_max":0.6170765380859375,"test_total_return_mean":0,"ep_length_mean":50,"agent_1_return_std":0.07053367989832944,"test_ep_length_mean":50,"q_taken_mean":0.35517919921875,"_runtime":507.255714693,"agent_0_return_std":0,"agent_3_return_mean":0,"critic_grad_norm":0.03388107568025589,"agent_3_return_std":0,"pg_loss":-0.007435623090714216,"test_agent_1_return_mean":0,"advantage_mean":0.006419820308685303,"agent_1_return_mean":0.005,"test_total_return_std":0,"target_mean":0.3615989685058594,"episode":13000,"td_error_abs":0.04059530258178711,"total_return_std":0.07053367989832944,"_wandb":{"runtime":507},"agent_grad_norm":0.014073356986045837,"test_agent_3_return_std":0,"test_agent_1_return_std":0}