{"agent_1_return_mean":0,"target_mean":0.18396823120117187,"test_agent_3_return_std":0,"critic_loss":0.0018077535787597299,"agent_2_return_std":0.09949874371066199,"_timestamp":1.7316569788203065e+09,"pi_max":0.980265625,"agent_2_return_mean":0.01,"q_taken_mean":0.18298628234863282,"test_total_return_std":0,"agent_1_return_std":0,"critic_grad_norm":0.047184914350509644,"agent_grad_norm":0.000973583955783397,"total_return_mean":0.015,"agent_0_return_mean":0,"_runtime":21.822021323,"test_total_return_mean":0,"total_return_std":0.1215524578114322,"agent_3_return_std":0.07053367989832944,"test_agent_2_return_mean":0,"test_ep_length_mean":50,"test_agent_2_return_std":0,"_wandb":{"runtime":21},"pg_loss":-0.0010874803410843015,"ep_length_mean":50,"agent_3_return_mean":0.005,"agent_0_return_std":0,"test_agent_0_return_std":0,"test_agent_3_return_mean":0,"_step":10500,"test_agent_1_return_mean":0,"advantage_mean":0.0009819436073303222,"td_error_abs":0.03494133758544922,"test_agent_0_return_mean":0,"test_agent_1_return_std":0}