{"test_agent_0_return_std":0.09949874371066199,"test_agent_2_return_mean":0.02,"agent_2_return_mean":0,"agent_3_return_std":0,"agent_0_return_mean":0.005,"total_return_mean":0.005,"advantage_mean":-0.0004366515278816223,"pg_loss":1.6092414855957031,"test_ep_length_mean":50,"test_agent_1_return_mean":0.02,"ep_length_mean":50,"agent_1_return_mean":0,"td_error_abs":0.026105798721313477,"agent_2_return_std":0,"pi_max":0.796185791015625,"agent_3_return_mean":0,"agent_0_return_std":0.07053367989832945,"agent_1_return_std":0,"q_taken_mean":0.3055390319824219,"_timestamp":1.731656918807695e+09,"test_total_return_std":0.21794494717703367,"_step":100000,"target_mean":0.30510238647460936,"test_agent_1_return_std":0.13999999999999996,"_runtime":85.093869136,"test_agent_2_return_std":0.13999999999999999,"agent_grad_norm":0.010215181857347488,"total_return_std":0.07053367989832945,"test_total_return_mean":0.05,"critic_loss":0.0010922405635938048,"test_agent_3_return_std":0,"test_agent_0_return_mean":0.01,"critic_grad_norm":0.018446169793605804,"_wandb":{"runtime":85},"test_agent_3_return_mean":0,"episode":2000}