{"test_ep_length_mean":50,"test_total_return_std":0.09949874371066199,"target_mean":0.26408212280273435,"critic_loss":0.02059568651020527,"advantage_mean":0.13485464477539064,"agent_grad_norm":0.02011221833527088,"_wandb":{"runtime":27},"agent_1_return_std":0.07053367989832943,"agent_3_return_mean":0,"q_taken_mean":0.12922747802734375,"total_return_std":0.07053367989832943,"agent_1_return_mean":0.005,"test_agent_0_return_std":0,"test_agent_2_return_mean":0,"agent_0_return_mean":0,"ep_length_mean":50,"_timestamp":1.7316590117810946e+09,"test_agent_0_return_mean":0,"test_agent_1_return_std":0,"agent_0_return_std":0,"pg_loss":1.4730504751205444,"critic_grad_norm":0.9783183932304382,"_step":20500,"test_agent_3_return_std":0.09949874371066199,"total_return_mean":0.005,"agent_3_return_std":0,"test_agent_1_return_mean":0,"test_agent_2_return_std":0,"agent_2_return_std":0,"test_agent_3_return_mean":0.01,"test_total_return_mean":0.01,"_runtime":27.021888044,"pi_max":0.3647218017578125,"td_error_abs":0.13491790771484374,"agent_2_return_mean":0}