{"critic_grad_norm":92.66914367675781,"test_agent_1_return_mean":0.39,"test_agent_0_return_std":0.49638694583963433,"critic_loss":12.521053314208984,"agent_2_return_std":0.4828043081829324,"episode":60000,"total_return_std":0.976101941397516,"pg_loss":0.3605707287788391,"agent_0_return_std":0.4828043081829324,"pi_max":0.9275449829101563,"q_taken_mean":14.565095703125,"test_ep_length_mean":50,"test_agent_3_return_std":0.49749371855331004,"target_mean":14.1932607421875,"_timestamp":1.731455668423626e+09,"test_total_return_mean":1.64,"agent_2_return_mean":0.37,"td_error_abs":2.391669677734375,"_runtime":2102.524654395,"agent_3_return_mean":0.325,"agent_grad_norm":1.0448354482650757,"agent_1_return_mean":0.35,"test_total_return_std":0.9645724441429995,"_wandb":{"runtime":2102},"agent_0_return_mean":0.37,"ep_length_mean":50,"agent_1_return_std":0.47696960070847283,"total_return_mean":1.415,"test_agent_2_return_mean":0.36,"test_agent_1_return_std":0.48774993593028787,"advantage_mean":-0.3718358154296875,"test_agent_3_return_mean":0.45,"test_agent_0_return_mean":0.44,"test_agent_2_return_std":0.48000000000000004,"agent_3_return_std":0.4683748498798799,"_step":3000500}