{"td_error_abs":0.026105798721313477,"pg_loss":1.6092414855957031,"test_agent_0_return_mean":0.01,"agent_2_return_mean":0,"q_taken_mean":0.3055390319824219,"_runtime":88.983520264,"total_return_mean":0.005,"test_agent_1_return_mean":0.02,"episode":2000,"advantage_mean":-0.0004366515278816223,"agent_3_return_mean":0,"agent_1_return_mean":0,"total_return_std":0.07053367989832945,"critic_grad_norm":0.018446169793605804,"pi_max":0.796185791015625,"test_agent_3_return_mean":0,"test_total_return_mean":0.05,"target_mean":0.30510238647460936,"test_agent_0_return_std":0.09949874371066199,"_step":100000,"agent_1_return_std":0,"agent_grad_norm":0.010215181857347488,"agent_0_return_std":0.07053367989832945,"test_agent_3_return_std":0,"test_ep_length_mean":50,"critic_loss":0.0010922405635938048,"_wandb":{"runtime":88},"ep_length_mean":50,"test_agent_2_return_std":0.13999999999999999,"test_agent_2_return_mean":0.02,"_timestamp":1.731658934740604e+09,"agent_0_return_mean":0.005,"agent_3_return_std":0,"test_agent_1_return_std":0.13999999999999996,"agent_2_return_std":0,"test_total_return_std":0.21794494717703367}