{"test_ep_length_mean":50,"critic_grad_norm":44.52093505859375,"test_agent_1_return_mean":0.26,"test_agent_2_return_mean":0.27,"agent_grad_norm":0.42693087458610535,"total_return_std":0.966385016440135,"agent_3_return_mean":0.295,"q_taken_mean":4.29422998046875,"test_agent_0_return_std":0.4330127018922193,"agent_2_return_mean":0.3,"target_mean":4.33581494140625,"test_total_return_mean":1.03,"agent_3_return_std":0.45604276115294284,"td_error_abs":1.4949984130859375,"agent_0_return_mean":0.285,"pi_max":0.9563021240234375,"_runtime":2209.849519194,"critic_loss":10.46574878692627,"episode":60000,"advantage_mean":0.04158531951904297,"_step":3000500,"agent_0_return_std":0.4514144437210666,"test_agent_2_return_std":0.44395945760846234,"_wandb":{"runtime":2209},"_timestamp":1.731645487198978e+09,"ep_length_mean":50,"test_agent_3_return_std":0.4330127018922193,"total_return_mean":1.19,"test_agent_0_return_mean":0.25,"agent_1_return_std":0.462493243193887,"agent_1_return_mean":0.31,"test_total_return_std":0.8301204731844649,"test_agent_1_return_std":0.4608687448721165,"test_agent_3_return_mean":0.25,"agent_2_return_std":0.4690415759823429,"pg_loss":1.5602881908416748}